basinIndex,t0TraceMs,t22TraceMs,t0Points,t22Points,t0PitEscapeCalls,t22PitEscapeCalls,t0Merges,t22Merges
0,7778.189,4193.559,19014,17090,21,16,0,0
1,8767.906,8345.769,30573,30060,27,29,3,4
2,16519.745,10655.463,40815,28593,30,27,0,1
3,13486.964,0.239,32771,6,41,0,1,0
4,11158.327,10651.503,27706,27706,27,27,2,2
5,16412.530,13222.216,30867,28540,33,30,1,0
6,8855.012,1644.750,25189,6446,27,5,1,0
7,7861.788,9970.704,23366,20145,22,24,3,2
8,12011.564,10397.968,25402,26248,29,32,1,2
9,6589.011,1135.212,22174,5310,23,5,1,0
10,5463.110,3222.230,18435,12652,16,8,0,0
11,9062.291,4539.779,25923,12566,23,10,0,0
12,3129.873,96.506,9864,522,16,1,0,0
13,6524.172,6951.147,16383,20143,14,14,3,3
14,12351.765,12000.167,37727,35187,32,37,1,3
15,3936.326,4806.920,14489,13620,17,11,0,0
