index,basinRound,tileIdHex
0,0,A500000000000369
1,0,A500000000000379
2,0,A500000000000368
3,0,A5000000000003D6
4,0,A5000000000003D0
5,0,A5000000000003D4
6,1,050000000000007A
7,1,050000000000006D
8,1,05000000000000D0
9,1,0500000000000067
10,1,0500000000000065
11,1,0500000000000064
12,2,0500000000000031
13,2,0500000000000036
14,2,0500000000000034
15,2,0500000000000027
16,2,0500000000000030
17,2,0500000000000032
18,3,850000000000024C
19,3,8500000000000243
20,3,850000000000024E
21,3,85000000000000E7
22,3,8500000000000244
23,3,85000000000000F2
24,4,A5000000000000FB
25,4,A5000000000000FE
26,4,A5000000000000FF
27,4,A5000000000001AA
28,4,A500000000000300
29,4,A500000000000301
30,5,05000000000000AC
31,5,0500000000000206
32,5,05000000000000AB
33,5,0500000000000203
34,5,0500000000000204
35,5,0500000000000205
36,6,25000000000001D1
37,6,25000000000001D7
38,6,850000000000002A
39,6,250000000000017D
40,6,250000000000017C
41,6,8500000000000028
42,7,85000000000001F9
43,7,05000000000000AA
44,7,05000000000000A8
45,7,8500000000000355
46,7,85000000000001FE
47,7,85000000000001FF
48,8,A5000000000000EA
49,8,A500000000000241
50,8,A5000000000000CA
51,8,A5000000000000EB
52,8,A5000000000000E9
53,8,A5000000000000E3
54,9,250000000000023B
55,9,250000000000022D
56,9,2500000000000281
57,9,2500000000000282
58,9,2500000000000292
59,9,2500000000000285
60,10,2500000000000360
61,10,2500000000000368
62,10,2500000000000364
63,10,2500000000000349
64,10,2500000000000367
65,10,2500000000000361
66,11,250000000000037D
67,11,250000000000035E
68,11,250000000000037E
69,11,8500000000000228
70,11,8500000000000229
71,11,2500000000000376
72,12,A50000000000034D
73,12,A50000000000034C
74,12,A500000000000364
75,12,A50000000000034E
76,12,A50000000000035A
77,12,A500000000000373
78,13,A5000000000000B8
79,13,A5000000000000B2
80,13,A5000000000000BC
81,13,A5000000000000B9
82,13,A5000000000000BF
83,13,A5000000000000B7
84,14,0500000000000089
85,14,050000000000008F
86,14,0500000000000093
87,14,0500000000000084
88,14,0500000000000086
89,14,050000000000008C
90,15,45000000000000C8
91,15,45000000000000CB
92,15,45000000000000C6
93,15,45000000000000C9
94,15,45000000000000C7
95,15,45000000000000D2
