index,claimedSteps,independentSteps,extraSteps,independentMs,termination
9,6832,10420,3588,2998.814,Ocean
10,5241,14403,9162,4141.544,Ocean
11,5162,14857,9695,4809.118,Ocean
20,4819,8420,3601,2632.763,Ocean
25,2035,2959,924,1802.620,Ocean
29,3306,3616,310,2408.614,Pit
34,6771,7092,321,2962.199,Pit
41,2999,3747,748,1601.779,Ocean
43,1984,2642,658,2127.706,Pit
44,3396,4086,690,3233.860,Pit
47,4032,6134,2102,3267.903,Pit
52,5639,7924,2285,2181.139,Ocean
57,5546,5604,58,1851.223,Ocean
79,3066,7311,4245,2634.965,Ocean
81,5283,5337,54,2811.778,Pit
82,1623,1816,193,3703.986,Pit
88,4593,4756,163,2749.065,Pit
