index,basinRound,tileIdHex,traceMs,claimMs,points,steps,pitEscapeCalls,termination,mergedInto,mergePointIndex,claimedCount
0,0,A500000000000369,2273.845,0.984,4148,4064,5,Pit,-1,-1,24
1,0,A500000000000379,359.024,0.185,1780,1756,2,Ocean,-1,-1,34
2,0,A500000000000368,1419.566,0.215,3924,3636,4,Ocean,-1,-1,81
3,0,A5000000000003D6,512.910,15.697,1628,1544,3,Ocean,-1,-1,99
4,0,A5000000000003D0,2477.856,0.225,4449,4396,5,Pit,-1,-1,118
5,0,A5000000000003D4,734.988,0.138,3085,3051,2,Ocean,-1,-1,132
6,1,050000000000007A,561.338,0.091,2134,2047,4,Ocean,-1,-1,151
7,1,050000000000006D,2006.797,0.334,5844,5686,5,Ocean,-1,-1,189
8,1,05000000000000D0,1373.422,0.201,4998,4813,7,Ocean,-1,-1,223
9,1,0500000000000067,1868.521,0.432,6995,6832,7,Merged,7,6993,258
10,1,0500000000000065,1275.452,0.342,5292,5241,2,Merged,9,5290,281
11,1,0500000000000064,1682.376,0.221,5310,5162,2,Merged,9,5308,317
12,2,0500000000000031,5950.549,0.819,12595,11948,13,Ocean,-1,-1,448
13,2,0500000000000036,435.254,0.107,1614,1561,2,Ocean,-1,-1,459
14,2,0500000000000034,4840.007,0.441,10508,10063,8,Ocean,-1,-1,553
15,2,0500000000000027,531.252,0.153,2430,2429,1,Ocean,-1,-1,562
16,2,0500000000000030,2736.607,0.222,5248,5111,2,Ocean,-1,-1,600
17,2,0500000000000032,2026.076,0.354,8420,8335,4,Ocean,-1,-1,640
18,3,850000000000024C,1687.208,0.421,6370,6215,6,Ocean,-1,-1,678
19,3,8500000000000243,1799.676,0.340,6091,5922,9,Ocean,-1,-1,714
20,3,850000000000024E,1723.821,0.263,4988,4819,7,Merged,18,4986,748
21,3,85000000000000E7,3723.533,0.391,7299,7173,8,Pit,-1,-1,785
22,3,8500000000000244,1941.159,0.166,4248,3989,6,Ocean,-1,-1,826
23,3,85000000000000F2,2611.567,0.249,3775,3708,5,Pit,-1,-1,845
24,4,A5000000000000FB,2896.021,0.395,5623,5247,6,Ocean,-1,-1,903
25,4,A5000000000000FE,578.243,0.126,2094,2035,1,Merged,24,2092,916
26,4,A5000000000000FF,1912.381,0.226,5196,4958,8,Ocean,-1,-1,960
27,4,A5000000000001AA,2756.590,0.294,4482,4376,5,Pit,-1,-1,984
28,4,A500000000000300,1916.563,0.400,6927,6849,4,Ocean,-1,-1,1011
29,4,A500000000000301,1098.529,0.140,3384,3306,3,Merged,27,3382,1027
30,5,05000000000000AC,2773.515,0.200,4990,4943,4,Pit,-1,-1,1049
31,5,0500000000000206,2097.318,0.063,1501,1403,4,Pit,-1,-1,1063
32,5,05000000000000AB,4232.254,0.213,5268,4755,8,Pit,-1,-1,1139
33,5,0500000000000203,3454.051,0.298,5230,4791,8,Ocean,-1,-1,1219
34,5,0500000000000204,1641.462,0.274,6785,6771,2,Merged,31,6783,1244
35,5,0500000000000205,2213.930,0.329,7093,6787,7,Ocean,-1,-1,1299
36,6,25000000000001D1,2975.619,0.431,10334,10097,10,Ocean,-1,-1,1363
37,6,25000000000001D7,23.104,0.006,120,120,0,Ocean,-1,-1,1364
38,6,850000000000002A,617.133,0.097,2287,2226,4,Ocean,-1,-1,1380
39,6,250000000000017D,938.082,0.218,3528,3490,2,Ocean,-1,-1,1396
40,6,250000000000017C,2814.938,0.248,5735,5484,7,Ocean,-1,-1,1455
41,6,8500000000000028,1486.136,0.146,3185,2999,4,Merged,38,3183,1492
42,7,85000000000001F9,857.861,0.154,3760,3754,1,Ocean,-1,-1,1507
43,7,05000000000000AA,524.720,0.081,2050,1984,3,Merged,32,2048,1521
44,7,05000000000000A8,790.287,0.141,3450,3396,2,Merged,32,3448,1538
45,7,8500000000000355,2645.350,0.193,4835,4767,5,Pit,-1,-1,1561
46,7,85000000000001FE,1774.182,0.209,5115,4806,8,Ocean,-1,-1,1612
47,7,85000000000001FF,1269.388,0.278,4156,4032,3,Merged,43,4154,1641
48,8,A5000000000000EA,4823.145,0.503,7095,6744,6,Pit,-1,-1,1703
49,8,A500000000000241,1610.066,0.297,4437,4272,5,Ocean,-1,-1,1736
50,8,A5000000000000CA,2690.117,0.263,3931,3656,7,Ocean,-1,-1,1784
51,8,A5000000000000EB,976.441,0.120,3062,2938,4,Ocean,-1,-1,1806
52,8,A5000000000000E9,1613.342,0.509,5757,5639,6,Merged,51,5755,1837
53,8,A5000000000000E3,298.453,0.072,1120,1097,1,Ocean,-1,-1,1843
54,9,250000000000023B,1157.251,0.177,4387,4348,5,Ocean,-1,-1,1862
55,9,250000000000022D,1507.920,0.175,4315,4132,3,Ocean,-1,-1,1897
56,9,2500000000000281,140.895,0.032,773,764,2,Ocean,-1,-1,1901
57,9,2500000000000282,1987.719,0.313,5812,5546,6,Merged,56,5810,1958
58,9,2500000000000292,597.677,0.097,2223,2179,3,Ocean,-1,-1,1973
59,9,2500000000000285,1197.549,0.184,4664,4569,4,Ocean,-1,-1,1999
60,10,2500000000000360,1416.180,0.136,3682,3459,4,Ocean,-1,-1,2035
61,10,2500000000000368,62.690,0.022,361,361,0,Ocean,-1,-1,2038
62,10,2500000000000364,148.788,0.030,688,661,1,Ocean,-1,-1,2045
63,10,2500000000000349,292.115,0.053,1104,1055,3,Ocean,-1,-1,2056
64,10,2500000000000367,2879.809,0.383,9563,9209,7,Ocean,-1,-1,2123
65,10,2500000000000361,663.528,0.120,3037,3014,1,Ocean,-1,-1,2135
66,11,250000000000037D,700.959,0.125,3170,3170,0,Ocean,-1,-1,2147
67,11,250000000000035E,1879.270,0.245,6194,6008,6,Ocean,-1,-1,2197
68,11,250000000000037E,2337.549,0.246,6188,5928,7,Ocean,-1,-1,2245
69,11,8500000000000228,1278.169,0.152,3643,3528,3,Ocean,-1,-1,2275
70,11,8500000000000229,2094.623,0.124,3042,2984,4,Pit,-1,-1,2293
71,11,2500000000000376,771.721,0.145,3686,3670,3,Ocean,-1,-1,2308
72,12,A50000000000034D,0.033,0.000,1,1,0,Ocean,-1,-1,2309
73,12,A50000000000034C,180.515,0.043,1057,1057,0,Ocean,-1,-1,2313
74,12,A500000000000364,108.569,0.024,565,565,0,Ocean,-1,-1,2316
75,12,A50000000000034E,952.778,0.145,2379,2149,2,Ocean,-1,-1,2351
76,12,A50000000000035A,1867.797,0.236,5757,5486,14,Ocean,-1,-1,2402
77,12,A500000000000373,20.181,0.007,105,105,0,Ocean,-1,-1,2403
78,13,A5000000000000B8,1456.581,0.176,4313,4199,5,Ocean,-1,-1,2432
79,13,A5000000000000B2,1285.339,0.139,3316,3066,4,Merged,78,3314,2465
80,13,A5000000000000BC,2004.598,0.126,1746,1746,1,Pit,-1,-1,2470
81,13,A5000000000000B9,1260.495,0.219,5352,5283,3,Merged,80,5350,2494
82,13,A5000000000000BF,517.122,0.069,1655,1623,1,Merged,48,1653,2501
83,13,A5000000000000B7,0.037,0.000,1,1,0,Ocean,-1,-1,2502
84,14,0500000000000089,3421.554,0.268,6718,6582,8,Pit,-1,-1,2547
85,14,050000000000008F,1838.734,0.444,7669,7615,2,Ocean,-1,-1,2574
86,14,0500000000000093,2468.913,0.295,7163,6835,9,Ocean,-1,-1,2638
87,14,0500000000000084,1241.280,0.183,4599,4502,4,Ocean,-1,-1,2665
88,14,0500000000000086,1285.885,0.197,4738,4593,6,Merged,84,4736,2700
89,14,050000000000008C,2095.399,0.398,6840,6659,3,Ocean,-1,-1,2741
90,15,45000000000000C8,780.665,0.124,3286,3258,1,Ocean,-1,-1,2754
91,15,45000000000000CB,282.276,0.051,1301,1270,2,Ocean,-1,-1,2763
92,15,45000000000000C6,30.064,0.005,125,125,0,Ocean,-1,-1,2764
93,15,45000000000000C9,260.615,0.052,1358,1352,1,Ocean,-1,-1,2768
94,15,45000000000000C7,667.661,0.119,3100,3063,3,Ocean,-1,-1,2784
95,15,45000000000000D2,1915.045,0.205,5319,5069,10,Ocean,-1,-1,2826
